-- Script permettant de gérer les adresses


INSERT dbo.address(id_address, address_line_1, address_line_2, city, state, postal_code, country_id) VALUES (51, N'51-58 Celtic Farm Way', N'Railway Arch 13', N'Walsall', N'Suffolk', N'DT42 9GP', 29)
INSERT dbo.address(id_address, address_line_1, address_line_2, city, state, postal_code, country_id) VALUES (52, N'3-6 Woodcote Lane', N'Railway Arch 3', N'Middlesbrough', N'Herefordshire', N'MK31 4SH', 24)
INSERT dbo.address(id_address, address_line_1, address_line_2, city, state, postal_code, country_id) VALUES (53, N'4 A-B Soho Street', N'Railway Arch 5', N'Oxford', N'Lancashire', N'UB4 4UY', 26)
INSERT dbo.address(id_address, address_line_1, address_line_2, city, state, postal_code, country_id) VALUES (54, N'470 A-E Ariel Way', N'Arch 3', N'Wolverhampton', N'West Lothian', N'SW6 8BV', 2)
INSERT dbo.address(id_address, address_line_1, address_line_2, city, state, postal_code, country_id) VALUES (55, N'15-48 Eden Way', N'Suite 14', N'Birmingham', N'Berkshire', N'LS5 4GB', 13)
INSERT dbo.address(id_address, address_line_1, address_line_2, city, state, postal_code, country_id) VALUES (56, N'5-7 Chandos Place', N'Arch 2', N'Bristol', N'County Durham', N'BH7 9UB', 9)
INSERT dbo.address(id_address, address_line_1, address_line_2, city, state, postal_code, country_id) VALUES (57, N'7 Cuthbert Road', N'Arch 74', N'Reading', N'Perthshire', N'TA4 6HN', 31)
INSERT dbo.address(id_address, address_line_1, address_line_2, city, state, postal_code, country_id) VALUES (58, N'4-9 West Ham Lane', N'Railway Arch 94A', N'Stockport', N'Staffordshire', N'DE48 3WN', 50)
INSERT dbo.address(id_address, address_line_1, address_line_2, city, state, postal_code, country_id) VALUES (59, N'5-8 Surrey Quays Road', N'Railway Arch 31B', N'Kingston upon Hull', N'Cumberland', N'SE17 1VX', 6)
INSERT dbo.address(id_address, address_line_1, address_line_2, city, state, postal_code, country_id) VALUES (60, N'52-27 New North Road', N'Arch 43A', N'Dudley', N'Essex', N'ST3 1PY', 46)
INSERT dbo.address(id_address, address_line_1, address_line_2, city, state, postal_code, country_id) VALUES (61, N'14-36 Twickenham Road', N'Suite 81', N'Rotherham', N'Powys', N'HS4 3JT', 33)
INSERT dbo.address(id_address, address_line_1, address_line_2, city, state, postal_code, country_id) VALUES (62, N'5-9 Shafto Mews', N'Suite 7', N'Milton Keynes', N'Hertfordshire', N'DT75 9TG', 40)
INSERT dbo.address(id_address, address_line_1, address_line_2, city, state, postal_code, country_id) VALUES (63, N'52-18 Stanhope Row', N'Unit 14-37', N'Leeds', N'Cumbria', N'RM54 7WH', 19)
INSERT dbo.address(id_address, address_line_1, address_line_2, city, state, postal_code, country_id) VALUES (64, N'2 A-E Hampton Court', N'Arch 5', N'Eastbourne', N'Fermanagh', N'RH4 1SR', 44)
INSERT dbo.address(id_address, address_line_1, address_line_2, city, state, postal_code, country_id) VALUES (65, N'1-9 Green Street', N'Flats 4-9', N'Stoke-on-Trent', N'Stirlingshire', N'CH6 2AS', 14)
INSERT dbo.address(id_address, address_line_1, address_line_2, city, state, postal_code, country_id) VALUES (66, N'5-7 Quernmore Road', N'Flats 4-9', N'Watford', N'Surrey', N'BH12 5TG', 25)
INSERT dbo.address(id_address, address_line_1, address_line_2, city, state, postal_code, country_id) VALUES (67, N'1 Commercial Way', N'Flats 2-8', N'Sheffield', N'Renfrewshire', N'NE9 4QN', 20)
INSERT dbo.address(id_address, address_line_1, address_line_2, city, state, postal_code, country_id) VALUES (68, N'8E Columbia Road', N'Suite 31', N'Peterborough', N'Leicestershire', N'UB6 8JJ', 36)
INSERT dbo.address(id_address, address_line_1, address_line_2, city, state, postal_code, country_id) VALUES (69, N'4 John Ruskin Street', N'Railway Arch 1', N'York', N'West Midlands', N'WF7 6YX', 16)
INSERT dbo.address(id_address, address_line_1, address_line_2, city, state, postal_code, country_id) VALUES (70, N'5-6 Quernmore Road', N'Railway Arch 1', N'Newcastle upon Tyne', N'Humberside', N'SY1 7QS', 16)
INSERT dbo.address(id_address, address_line_1, address_line_2, city, state, postal_code, country_id) VALUES (71, N'6 Bressey Grove', N'Arch 2', N'Blackburn', N'Berwickshire', N'BS2 2HA', 4)
INSERT dbo.address(id_address, address_line_1, address_line_2, city, state, postal_code, country_id) VALUES (72, N'51-26 Ferring Close', N'Railway Arch 7', N'Plymouth', N'Lincolnshire', N'RM9 2VS', 29)
INSERT dbo.address(id_address, address_line_1, address_line_2, city, state, postal_code, country_id) VALUES (73, N'4-6 John Prince''s Street', N'Railway Arch 3', N'Sunderland', N'Norfolk', N'BD4 1QQ', 33)
INSERT dbo.address(id_address, address_line_1, address_line_2, city, state, postal_code, country_id) VALUES (74, N'4 Abbotsbury Road', N'Railway Arch 1', N'West Bromwich', N'Sussex', N'BD3 7BB', 10)
INSERT dbo.address(id_address, address_line_1, address_line_2, city, state, postal_code, country_id) VALUES (75, N'2-9 Finborough Road', N'Arch 7', N'Cambridge', N'Aberdeenshire', N'SS6 6QR', 30)
INSERT dbo.address(id_address, address_line_1, address_line_2, city, state, postal_code, country_id) VALUES (76, N'9 Crampton Street', N'Unit 13-48, 1st Floor', N'Leicester', N'Derbyshire', N'SO2 3EV', 38)
INSERT dbo.address(id_address, address_line_1, address_line_2, city, state, postal_code, country_id) VALUES (77, N'6 Duke of York Square', N'Arch 98A', N'Northampton', N'Westmorland', N'BR5 1AG', 34)
INSERT dbo.address(id_address, address_line_1, address_line_2, city, state, postal_code, country_id) VALUES (78, N'15-28 Canada Square', N'Railway Arch 83A', N'Slough', N'Fife', N'CF35 4SR', 9)
INSERT dbo.address(id_address, address_line_1, address_line_2, city, state, postal_code, country_id) VALUES (79, N'4 Ridding Lane', N'Railway Arch 1', N'Exeter', N'Devon', N'PO89 4GY', 13)
INSERT dbo.address(id_address, address_line_1, address_line_2, city, state, postal_code, country_id) VALUES (80, N'6 East Hill', N'Arch 77A', N'Poole', N'Huntingdonshire', N'BD6 3QY', 7)
INSERT dbo.address(id_address, address_line_1, address_line_2, city, state, postal_code, country_id) VALUES (81, N'69 Ernshaw Place', N'Unit 24-38, Level 1', N'Norwich', N'Ross', N'BA2 1NB', 23)
INSERT dbo.address(id_address, address_line_1, address_line_2, city, state, postal_code, country_id) VALUES (82, N'42-28 Seymour Place', N'Railway Arch 6', N'Portsmouth', N'Sutherland', N'WF7 1QY', 30)
INSERT dbo.address(id_address, address_line_1, address_line_2, city, state, postal_code, country_id) VALUES (83, N'23-16 Aubrey Road', N'Flat 3', N'Blackpool', N'Wigtownshire', N'TN8 6YW', 25)
INSERT dbo.address(id_address, address_line_1, address_line_2, city, state, postal_code, country_id) VALUES (84, N'3-8 Beauty Avenue', N'Railway Arch 63B', N'Colchester', N'Tyne and Wear', N'AB90 5GQ', 46)
INSERT dbo.address(id_address, address_line_1, address_line_2, city, state, postal_code, country_id) VALUES (85, N'13-28 Bressey Grove', N'Railway Arch 7', N'Bolton', N'Londonderry', N'BB4 2TQ', 41)
INSERT dbo.address(id_address, address_line_1, address_line_2, city, state, postal_code, country_id) VALUES (86, N'11-49 All Saints Road', N'Railway Arch 7', N'Liverpool', N'Inverness-shire', N'AB27 5GP', 40)
INSERT dbo.address(id_address, address_line_1, address_line_2, city, state, postal_code, country_id) VALUES (87, N'1-8 Parkfield Road', N'Railway Arch 5', N'Nottingham', N'Northamptonshire', N'W81 5VB', 15)
INSERT dbo.address(id_address, address_line_1, address_line_2, city, state, postal_code, country_id) VALUES (88, N'1 Albion Street', N'Railway Arch 1', N'Gloucester', N'Merseyside', N'E40 5SA', 22)
INSERT dbo.address(id_address, address_line_1, address_line_2, city, state, postal_code, country_id) VALUES (89, N'3 Dingwall Road', N'Flat 41', N'Sutton Coldfield', N'Buckinghamshire', N'IM81 7FJ', 4)
INSERT dbo.address(id_address, address_line_1, address_line_2, city, state, postal_code, country_id) VALUES (90, N'63 Albermarle Street', N'Flats 4-8', N'Preston', N'Angus', N'FK75 3TP', 3)
INSERT dbo.address(id_address, address_line_1, address_line_2, city, state, postal_code, country_id) VALUES (91, N'35-36 Old Bath Road', N'Railway Arch 3', N'London', N'Wiltshire', N'EN5 7ZG', 23)
INSERT dbo.address(id_address, address_line_1, address_line_2, city, state, postal_code, country_id) VALUES (92, N'3-7 Willow Tree Lane', N'Arch 6', N'Southampton', N'Roxburghshire', N'AB6 6AQ', 29)
INSERT dbo.address(id_address, address_line_1, address_line_2, city, state, postal_code, country_id) VALUES (93, N'3E Fortis Green Road', N'Railway Arch 88', N'Swindon', N'Gloucestershire', N'OX85 9UD', 32)
INSERT dbo.address(id_address, address_line_1, address_line_2, city, state, postal_code, country_id) VALUES (94, N'4 Streatham High Road', N'Railway Arch 34B', N'Coventry', N'Tyrone', N'WC38 6EJ', 22)
INSERT dbo.address(id_address, address_line_1, address_line_2, city, state, postal_code, country_id) VALUES (95, N'2 Merivale Road', N'Flat 3', N'Oldham', N'Worcestershire', N'EN5 5HJ', 9)
INSERT dbo.address(id_address, address_line_1, address_line_2, city, state, postal_code, country_id) VALUES (96, N'3-6 Air Street', N'Railway Arch 7', N'Southend-on-Sea', N'Isle of Wight', N'BD3 8UH', 34)
INSERT dbo.address(id_address, address_line_1, address_line_2, city, state, postal_code, country_id) VALUES (97, N'656 A-D Old Gloucester Street', N'Railway Arch 29', N'Huddersfield', N'Warwickshire', N'NR12 1EX', 32)
INSERT dbo.address(id_address, address_line_1, address_line_2, city, state, postal_code, country_id) VALUES (98, N'35-46 Brookscroft Road', N'Arch 8', N'Bournemouth', N'Northumberland', N'MK1 4DT', 6)
INSERT dbo.address(id_address, address_line_1, address_line_2, city, state, postal_code, country_id) VALUES (99, N'7 A-B Newall Road', N'Railway Arch 68B', N'Luton', N'Middlesex', N'CT33 3HN', 22)
INSERT dbo.address(id_address, address_line_1, address_line_2, city, state, postal_code, country_id) VALUES (100, N'7D Bowling Green Lane', N'Unit 24-47, Ground Floor', N'Crawley', N'Dorset', N'DT9 3EA', 29)

INSERT dbo.client(id_client, title_id, first_name, last_name, email, phone, password, invoice_address_id, delivery_address_id, payment_method_id) VALUES (1, 1, N'Gale', N'Legg', N'GaleL_Elliott@example.com', N'+49 (4277) 258018', N'vUjYppTJ0Mj6N4z9614GWg==', 51, 1, 1)
INSERT dbo.client(id_client, title_id, first_name, last_name, email, phone, password, invoice_address_id, delivery_address_id, payment_method_id) VALUES (2, 2, N'Kathrine', N'Noland', N'CletusAlford929@nowhere.com', N'+49 (1857) 235253', N'kVo/kxq1siQrXlEiXvjrHg==', 52, 50, 2)
INSERT dbo.client(id_client, title_id, first_name, last_name, email, phone, password, invoice_address_id, delivery_address_id, payment_method_id) VALUES (3, 1, N'Rodrick', N'Hinton', N'Beatty@nowhere.com', N'+44 8912 58 9369', N'pdQC/iulev/miNAzyqV0DQ==', 53, 2, 3)
INSERT dbo.client(id_client, title_id, first_name, last_name, email, phone, password, invoice_address_id, delivery_address_id, payment_method_id) VALUES (4, 1, N'Kareem', N'Ritchey', N'mftalix5377@nowhere.com', N'+44 342 741 4789', N'+VbP3yRBedi+PubMLOJL6g==', 54, 3, 3)
INSERT dbo.client(id_client, title_id, first_name, last_name, email, phone, password, invoice_address_id, delivery_address_id, payment_method_id) VALUES (5, 3, N'Avelina', N'Nolen', N'Marjory.Clemons391@example.com', N'+32 8 039 10 24', N'oJQR5et6IWr4C/Q2NWEX5A==', 55, 4, 2)
INSERT dbo.client(id_client, title_id, first_name, last_name, email, phone, password, invoice_address_id, delivery_address_id, payment_method_id) VALUES (6, 1, N'Jerrod', N'Ritchie', N'AllenHeffner446@example.com', N'+32 5 927 77 39', N'mahu8L692Vt4nZOlvXbV1w==', 56, 5, 3)
INSERT dbo.client(id_client, title_id, first_name, last_name, email, phone, password, invoice_address_id, delivery_address_id, payment_method_id) VALUES (7, 3, N'Hermila', N'Leggett', N'HaskinsA577@example.com', N'+52 51 1166 6155', N'XM43Ufa+CaAdCvNupXxB6Q==', 57, 6, 1)
INSERT dbo.client(id_client, title_id, first_name, last_name, email, phone, password, invoice_address_id, delivery_address_id, payment_method_id) VALUES (8, 3, N'Deborah', N'Noonan', N'Archer@example.com', N'+44 725 447 4175', N'rJPKr+/7LVuBU3bjWzGIeg==', 58, 7, 3)
INSERT dbo.client(id_client, title_id, first_name, last_name, email, phone, password, invoice_address_id, delivery_address_id, payment_method_id) VALUES (9, 2, N'Alene', N'Bales', N'Upton@example.com', N'+380 73 926-637-0', N'dbnnIHnnNInt+OhWRgYv/Q==', 59, 8, 2)
INSERT dbo.client(id_client, title_id, first_name, last_name, email, phone, password, invoice_address_id, delivery_address_id, payment_method_id) VALUES (10, 2, N'Victorina', N'Hirsch', N'Britt@example.com', N'+44 2675 487062', N'JH3uj9/hNCC/k4wYWpjwYg==', 60, 9, 1)
INSERT dbo.client(id_client, title_id, first_name, last_name, email, phone, password, invoice_address_id, delivery_address_id, payment_method_id) VALUES (11, 2, N'Marlon', N'Ritter', N'Polly.Logan@nowhere.com', N'+380 94 305-018-6', N'lbmGaljPZ2q6N8inLFCrOg==', 61, 10, 3)
INSERT dbo.client(id_client, title_id, first_name, last_name, email, phone, password, invoice_address_id, delivery_address_id, payment_method_id) VALUES (12, 3, N'Lida', N'Sepulveda', N'Gerald_R.Kinder@nowhere.com', N'+55 36 4224-3539', N'R1skyIxysleWo0yPcBm97w==', 62, 11, 3)
INSERT dbo.client(id_client, title_id, first_name, last_name, email, phone, password, invoice_address_id, delivery_address_id, payment_method_id) VALUES (13, 3, N'Mignon', N'Norfleet', N'RichBuckner86@example.com', N'+380 21 001-760-9', N'Fx9UoSPUuRZnVJsXhOR3vA==', 63, 12, 2)
INSERT dbo.client(id_client, title_id, first_name, last_name, email, phone, password, invoice_address_id, delivery_address_id, payment_method_id) VALUES (14, 3, N'Jill', N'Tucker', N'AntonySotelo@nowhere.com', N'+52 49 9309 1235', N'LhW5FF1vicyEZVkf0n/Qqg==', 64, 13, 1)
INSERT dbo.client(id_client, title_id, first_name, last_name, email, phone, password, invoice_address_id, delivery_address_id, payment_method_id) VALUES (15, 2, N'Deloris', N'Lehman', N'CyndiVallejo@nowhere.com', N'+49 (0840) 144471', N'/11eyhzZEx/NuisWF44z2g==', 65, 14, 1)
INSERT dbo.client(id_client, title_id, first_name, last_name, email, phone, password, invoice_address_id, delivery_address_id, payment_method_id) VALUES (16, 1, N'Abraham', N'Rivas', N'Sipes947@example.com', N'+420 641 050 619', N'YRI2n4Cmnk8FNaBTC0lVkA==', 66, 15, 2)
INSERT dbo.client(id_client, title_id, first_name, last_name, email, phone, password, invoice_address_id, delivery_address_id, payment_method_id) VALUES (17, 3, N'Manual', N'Serna', N'Lavender@example.com', N'+49 2265 349820', N'7eyeLrJOhuZlQ4F1/U7coQ==', 67, 16, 2)
INSERT dbo.client(id_client, title_id, first_name, last_name, email, phone, password, invoice_address_id, delivery_address_id, payment_method_id) VALUES (18, 3, N'Dave', N'Noriega', N'ScottKaye7@example.com', N'+55 87 6069-2277', N'KkIRLT0J4j8+A/ZD6cVlZQ==', 68, 17, 1)
INSERT dbo.client(id_client, title_id, first_name, last_name, email, phone, password, invoice_address_id, delivery_address_id, payment_method_id) VALUES (19, 3, N'Benton', N'Hitchcock', N'Jewett61@example.com', N'+49 (7418) 515698', N'reBoMe3a9zddcbPMdtZP6Q==', 69, 18, 2)
INSERT dbo.client(id_client, title_id, first_name, last_name, email, phone, password, invoice_address_id, delivery_address_id, payment_method_id) VALUES (20, 1, N'Jason', N'Tuggle', N'AmadaCutler@example.com', N'+44 0348 64 1768', N'uT6R1fQrepyLcnynrjT14w==', 70, 19, 3)
INSERT dbo.client(id_client, title_id, first_name, last_name, email, phone, password, invoice_address_id, delivery_address_id, payment_method_id) VALUES (21, 3, N'Javier', N'Calhoun', N'Adams8@example.com', N'+1 162-247-3472', N'eAw8bv5QLc9vjShNBG6GUw==', 71, 20, 2)
INSERT dbo.client(id_client, title_id, first_name, last_name, email, phone, password, invoice_address_id, delivery_address_id, payment_method_id) VALUES (22, 3, N'Margart', N'Rivera', N'Carroll.Treadway@nowhere.com', N'+44 1677 341958', N'kuTS2j0VKLyfZmi7wm1jPg==', 72, 21, 3)
INSERT dbo.client(id_client, title_id, first_name, last_name, email, phone, password, invoice_address_id, delivery_address_id, payment_method_id) VALUES (23, 3, N'Odis', N'Gist', N'SallyAcker@nowhere.com', N'+49 1817 954259', N'eLUST3SYTeCwBjICUhiYDA==', 73, 22, 1)
INSERT dbo.client(id_client, title_id, first_name, last_name, email, phone, password, invoice_address_id, delivery_address_id, payment_method_id) VALUES (24, 3, N'Antonia', N'Norman', N'CedricAdcock@example.com', N'+49 (2873) 449410', N'Cq6EBjWSVv+1LtJ4EK9OYQ==', 74, 23, 1)
INSERT dbo.client(id_client, title_id, first_name, last_name, email, phone, password, invoice_address_id, delivery_address_id, payment_method_id) VALUES (25, 1, N'Rodrigo', N'Lehmann', N'ktrwdldr.dfckx@example.com', N'+971 5 324 0417', N'XtIi/2SlIvZ143ieyMQlrw==', 75, 24, 2)
INSERT dbo.client(id_client, title_id, first_name, last_name, email, phone, password, invoice_address_id, delivery_address_id, payment_method_id) VALUES (26, 2, N'Ashlyn', N'Rivers', N'AckerF78@example.com', N'+44 961 943 5966', N'ER5ba84HdjNQFtKmVsnzFA==', 76, 25, 2)
INSERT dbo.client(id_client, title_id, first_name, last_name, email, phone, password, invoice_address_id, delivery_address_id, payment_method_id) VALUES (27, 2, N'Liane', N'Norris', N'Leighton95@example.com', N'+49 (3460) 746208', N'2Jb1YXQZELOhwufFcXwTmg==', 77, 26, 2)
INSERT dbo.client(id_client, title_id, first_name, last_name, email, phone, password, invoice_address_id, delivery_address_id, payment_method_id) VALUES (28, 1, N'Addie', N'Hobbs', N'Blair822@example.com', N'+32 4 015 69 59', N'ynuAcpPpQb1uI4yJg16jYw==', 78, 27, 1)
INSERT dbo.client(id_client, title_id, first_name, last_name, email, phone, password, invoice_address_id, delivery_address_id, payment_method_id) VALUES (29, 2, N'Minnie', N'Leigh', N'AbbieFite378@nowhere.com', N'+49 5685 811917', N'XRCNn7zXQaw12ze0qYDSXA==', 79, 28, 1)
INSERT dbo.client(id_client, title_id, first_name, last_name, email, phone, password, invoice_address_id, delivery_address_id, payment_method_id) VALUES (30, 1, N'Shakira', N'Dooley', N'Lytle@example.com', N'+971 8 635 2880', N'lkjjbuIoHEp6Mdra369tLA==', 80, 29, 2)
INSERT dbo.client(id_client, title_id, first_name, last_name, email, phone, password, invoice_address_id, delivery_address_id, payment_method_id) VALUES (31, 2, N'Jed', N'Hobson', N'PaigeAnaya@example.com', N'+52 60 2289 0645', N'kAY2A3MwGFsWzAGlyM4fqQ==', 81, 30, 2)
INSERT dbo.client(id_client, title_id, first_name, last_name, email, phone, password, invoice_address_id, delivery_address_id, payment_method_id) VALUES (32, 2, N'Marcie', N'Ball', N'IolaHorowitz@nowhere.com', N'+49-2172-384419', N'zW17t8z2T6hffFv/QZjTIA==', 82, 31, 2)
INSERT dbo.client(id_client, title_id, first_name, last_name, email, phone, password, invoice_address_id, delivery_address_id, payment_method_id) VALUES (33, 1, N'Arline', N'Givens', N'Her@nowhere.com', N'+49 1214 924628', N'OlNM4gdZd12GefMRR6Juog==', 83, 32, 3)
INSERT dbo.client(id_client, title_id, first_name, last_name, email, phone, password, invoice_address_id, delivery_address_id, payment_method_id) VALUES (34, 2, N'Mel', N'Rizzo', N'Agnes.Osgood9@example.com', N'+1 643-185-0973', N'tsFIivrM61CYdUGRVjoIFg==', 84, 33, 1)
INSERT dbo.client(id_client, title_id, first_name, last_name, email, phone, password, invoice_address_id, delivery_address_id, payment_method_id) VALUES (35, 2, N'Ciara', N'Doran', N'Corey.Tran@nowhere.com', N'+971 3 264 2354', N'aiGPqTEYr6ek5vYhrKoG3Q==', 85, 34, 1)
INSERT dbo.client(id_client, title_id, first_name, last_name, email, phone, password, invoice_address_id, delivery_address_id, payment_method_id) VALUES (36, 2, N'Adela', N'Serrano', N'IzolaShoemaker@example.com', N'+420 662 290 118', N'StLIGVa2vbyiaSfEFFSNew==', 86, 35, 2)
INSERT dbo.client(id_client, title_id, first_name, last_name, email, phone, password, invoice_address_id, delivery_address_id, payment_method_id) VALUES (37, 1, N'Lashawn', N'Leighton', N'Borden@nowhere.com', N'+49 (9994) 568745', N'hJPouzWUOtJLnypwJYAp4g==', 87, 36, 3)
INSERT dbo.client(id_client, title_id, first_name, last_name, email, phone, password, invoice_address_id, delivery_address_id, payment_method_id) VALUES (38, 3, N'Jarrod', N'Calkins', N'BentonWoody@example.com', N'+33 6 99 34 96 17', N'BSxrh9b9seyu3J35WwWXEg==', 88, 37, 2)
INSERT dbo.client(id_client, title_id, first_name, last_name, email, phone, password, invoice_address_id, delivery_address_id, payment_method_id) VALUES (39, 1, N'Alene', N'North', N'Chester_HKelsey@example.com', N'+44 1632 476090', N'zFAyiggd5/Uymf5mg/F0Pw==', 89, 38, 1)
INSERT dbo.client(id_client, title_id, first_name, last_name, email, phone, password, invoice_address_id, delivery_address_id, payment_method_id) VALUES (40, 1, N'Della', N'Roach', N'Reddick@nowhere.com', N'+44 601 159 9653', N'gZ/ACoHgy2m5TbkUzayXuQ==', 90, 39, 2)
INSERT dbo.client(id_client, title_id, first_name, last_name, email, phone, password, invoice_address_id, delivery_address_id, payment_method_id) VALUES (41, 1, N'Larry', N'Gladden', N'Dionne_Albertson@nowhere.com', N'+44 8399 12 8795', N'1cd8vyTMDEgI4IH2K5yH4w==', 91, 40, 2)
INSERT dbo.client(id_client, title_id, first_name, last_name, email, phone, password, invoice_address_id, delivery_address_id, payment_method_id) VALUES (42, 1, N'Germaine', N'Ballard', N'Agustina_Berrios@example.com', N'+52 73 0685 3581', N'Jfd35vWTC4csdhkchX1q9Q==', 92, 41, 3)
INSERT dbo.client(id_client, title_id, first_name, last_name, email, phone, password, invoice_address_id, delivery_address_id, payment_method_id) VALUES (43, 2, N'Andreas', N'Norton', N'Mchugh738@nowhere.com', N'+380 36 310-776-1', N'idrJ1jorfYHU720wCSQJqw==', 93, 42, 2)
INSERT dbo.client(id_client, title_id, first_name, last_name, email, phone, password, invoice_address_id, delivery_address_id, payment_method_id) VALUES (44, 1, N'Mac', N'Roark', N'Bunnell@nowhere.com', N'+44 405 051 2620', N'yC4+tS1EPenfcIDbY13q2w==', 94, 43, 2)
INSERT dbo.client(id_client, title_id, first_name, last_name, email, phone, password, invoice_address_id, delivery_address_id, payment_method_id) VALUES (45, 1, N'Destiny', N'Norwood', N'Negrete3@example.com', N'+32 5 760 04 10', N'83Z4VdGBoY2WKdKX98yDCA==', 95, 44, 1)
INSERT dbo.client(id_client, title_id, first_name, last_name, email, phone, password, invoice_address_id, delivery_address_id, payment_method_id) VALUES (46, 1, N'Carrol', N'Hodge', N'vxvf8@example.com', N'+44 8010 656692', N'MJ/H07xTu2OsQuNZJgrHQA==', 96, 45, 2)
INSERT dbo.client(id_client, title_id, first_name, last_name, email, phone, password, invoice_address_id, delivery_address_id, payment_method_id) VALUES (47, 1, N'Lucas', N'Lemaster', N'Bollinger@nowhere.com', N'+44 606 662 4595', N'mEszvRW+/PdIRHSwABr6kg==', 97, 46, 1)
INSERT dbo.client(id_client, title_id, first_name, last_name, email, phone, password, invoice_address_id, delivery_address_id, payment_method_id) VALUES (48, 2, N'Aurelio', N'Turley', N'Biggs192@example.com', N'+971 9 918 2794', N'/g5QiwADZKM6kMPTfvjbzA==', 98, 47, 2)
INSERT dbo.client(id_client, title_id, first_name, last_name, email, phone, password, invoice_address_id, delivery_address_id, payment_method_id) VALUES (49, 2, N'Daniella', N'Sessions', N'Asia_Dube@example.com', N'+55 58 9001-9465', N'iUtnAcIfb5s5LDsmTEkxTA==', 99, 48, 3)
INSERT dbo.client(id_client, title_id, first_name, last_name, email, phone, password, invoice_address_id, delivery_address_id, payment_method_id) VALUES (50, 1, N'Dan', N'Hodges', N'Daley@example.com', N'+33 8 70 15 75 23', N'1NJsqu9zrS/kEfrIcCi/5g==', 100, 49, 1)

INSERT dbo.category(id_category, description, parent) VALUES (1, N'Root', NULL)
INSERT dbo.category(id_category, description, parent) VALUES (2, N'Audio', 1)
INSERT dbo.category(id_category, description, parent) VALUES (3, N'Ebook', 1)
INSERT dbo.category(id_category, description, parent) VALUES (4, N'Type of book', 1)
INSERT dbo.category(id_category, description, parent) VALUES (5, N'Target', 1)
INSERT dbo.category(id_category, description, parent) VALUES (6, N'Size', 1)
INSERT dbo.category(id_category, description, parent) VALUES (7, N'Prizes', 1)
INSERT dbo.category(id_category, description, parent) VALUES (8, N'Most looked for', 1)
INSERT dbo.category(id_category, description, parent) VALUES (9, N'Bargain', 1)
INSERT dbo.category(id_category, description, parent) VALUES (10, N'Pocket Books', 4)
INSERT dbo.category(id_category, description, parent) VALUES (11, N'Hand Written', 4)
INSERT dbo.category(id_category, description, parent) VALUES (12, N'Art Book', 4)
INSERT dbo.category(id_category, description, parent) VALUES (13, N'Rich Book', 4)
INSERT dbo.category(id_category, description, parent) VALUES (14, N'Children', 5)
INSERT dbo.category(id_category, description, parent) VALUES (15, N'Girls', 5)
INSERT dbo.category(id_category, description, parent) VALUES (16, N'Boys', 5)
INSERT dbo.category(id_category, description, parent) VALUES (17, N'Geeks', 5)
INSERT dbo.category(id_category, description, parent) VALUES (18, N'Adults', 5)
INSERT dbo.category(id_category, description, parent) VALUES (19, N'13x20', 6)
INSERT dbo.category(id_category, description, parent) VALUES (20, N'15 x23', 6)
INSERT dbo.category(id_category, description, parent) VALUES (21, N'20 x25', 6)
INSERT dbo.category(id_category, description, parent) VALUES (22, N'13 x13', 6)
INSERT dbo.category(id_category, description, parent) VALUES (23, N'20x25', 6)
INSERT dbo.category(id_category, description, parent) VALUES (24, N'goncourt', 7)
INSERT dbo.category(id_category, description, parent) VALUES (25, N'femina', 7)
INSERT dbo.category(id_category, description, parent) VALUES (26, N'lecteurs', 7)
INSERT dbo.category(id_category, description, parent) VALUES (27, N'presse', 7)
INSERT dbo.category(id_category, description, parent) VALUES (28, N'medicis', 7)
INSERT dbo.category(id_category, description, parent) VALUES (29, N'renaudot', 7)
INSERT dbo.category(id_category, description, parent) VALUES (30, N'academie francaise', 7)
